"uri","date","title","uin"
"http://data.parliament.uk/resources/103750","2007-03-07","House of Lords Reform Bill (Hereditary places main amendment)","CD:2007-03-07:72"
"http://data.parliament.uk/resources/103741","2007-03-02","Standing Order No. 163 (Motions to sit in private)","CD:2007-03-02:63"
"http://data.parliament.uk/resources/103742","2007-03-02","Off-Road Vehicles (Registration) Bill","CD:2007-03-02:64"
"http://data.parliament.uk/resources/103739","2007-02-28","Offender Management Bill","CD:2007-02-28:61"
"http://data.parliament.uk/resources/103740","2007-02-28","Offender Management Bill","CD:2007-02-28:62"
"http://data.parliament.uk/resources/103736","2007-02-27","Greater London Authority Bill","CD:2007-02-27:58"
"http://data.parliament.uk/resources/103737","2007-02-27","Greater London Authority Bill","CD:2007-02-27:59"
"http://data.parliament.uk/resources/103738","2007-02-27","Greater London Authority Bill","CD:2007-02-27:60"
"http://data.parliament.uk/resources/103733","2007-02-26","Royal Navy","CD:2007-02-26:55"
"http://data.parliament.uk/resources/103734","2007-02-26","Electoral System","CD:2007-02-26:56"
"http://data.parliament.uk/resources/103735","2007-02-26","Electoral System","CD:2007-02-26:57"
"http://data.parliament.uk/resources/103732","2007-02-23","Standing Order No. 163 (Motions to sit in private)","CD:2007-02-23:54"
"http://data.parliament.uk/resources/103731","2007-02-22","Prevention of Terrorism Act 2005 (Continuance in force of sections 1 to 9 Order 2007 (Points of Order)","CD:2007-02-22:53"
"http://data.parliament.uk/resources/103730","2007-02-21","Acute Hospital Services","CD:2007-02-21:52"
"http://data.parliament.uk/resources/103728","2007-02-20","Planning-gain Supplement (Preparations) Bill","CD:2007-02-20:50"
"http://data.parliament.uk/resources/103729","2007-02-20","Planning-gain Supplement (Preparations) Bill","CD:2007-02-20:51"
"http://data.parliament.uk/resources/103724","2007-02-07","Al-Yamamah Arms Agreement","CD:2007-02-07:46"
"http://data.parliament.uk/resources/103725","2007-02-07","Al-Yamamah Arms Agreement","CD:2007-02-07:47"
"http://data.parliament.uk/resources/103726","2007-02-07","Government’s Crime Record","CD:2007-02-07:48"
"http://data.parliament.uk/resources/103727","2007-02-07","Government’s Crime Record","CD:2007-02-07:49"
"http://data.parliament.uk/resources/103721","2007-02-06","Justice and Security (Northern Ireland) Bill","CD:2007-02-06:43"
"http://data.parliament.uk/resources/103722","2007-02-06","Justice and Security (Northern Ireland) Bill","CD:2007-02-06:44"
"http://data.parliament.uk/resources/103723","2007-02-06","Justice and Security (Northern Ireland) Bill","CD:2007-02-06:45"
"http://data.parliament.uk/resources/103720","2007-02-05","UK Borders Bill","CD:2007-02-05:42"
"http://data.parliament.uk/resources/103719","2007-02-02","Standing Order No. 163 (Motions to sit in private)","CD:2007-02-02:41"
"http://data.parliament.uk/resources/103717","2007-01-30","Special Educational Needs","CD:2007-01-30:39"
"http://data.parliament.uk/resources/103718","2007-01-30","Special Educational Needs","CD:2007-01-30:40"
"http://data.parliament.uk/resources/103715","2007-01-26","Standing Order No. 163 (Motions to sit in private)","CD:2007-01-26:37"
"http://data.parliament.uk/resources/103716","2007-01-26","Energy Saving (Daylight) Bill","CD:2007-01-26:38"
"http://data.parliament.uk/resources/103708","2007-01-25","Fraud (Trials without a Jury) Bill","CD:2007-01-25:31"
"http://data.parliament.uk/resources/103710","2007-01-25","Fraud (Trials without a Jury) Bill","CD:2007-01-25:32"
"http://data.parliament.uk/resources/103711","2007-01-25","Fraud (Trials without a Jury) Bill","CD:2007-01-25:33"
"http://data.parliament.uk/resources/103712","2007-01-25","Fraud (Trials without a Jury) Bill","CD:2007-01-25:34"
"http://data.parliament.uk/resources/103713","2007-01-25","Fraud (Trials without a Jury) Bill","CD:2007-01-25:35"
"http://data.parliament.uk/resources/103714","2007-01-25","Fraud (Trials without a Jury) Bill","CD:2007-01-25:36"
"http://data.parliament.uk/resources/103706","2007-01-23","Health Care-acquired Infections","CD:2007-01-23:29"
"http://data.parliament.uk/resources/103707","2007-01-23","Disabled Children","CD:2007-01-23:30"
"http://data.parliament.uk/resources/103703","2007-01-22","Local Government and Public Involvement in Health Bill","CD:2007-01-22:26"
"http://data.parliament.uk/resources/103704","2007-01-22","Local Government and Public Involvement in Health Bill","CD:2007-01-22:27"
"http://data.parliament.uk/resources/103705","2007-01-22","Local Government and Public Involvement in Health Bill","CD:2007-01-22:28"
"http://data.parliament.uk/resources/103702","2007-01-19","Sustainable Communities Bill","CD:2007-01-19:25"
"http://data.parliament.uk/resources/103701","2007-01-15","Planning-gain Supplement (Preparations) Bill","CD:2007-01-15:24"
"http://data.parliament.uk/resources/103698","2007-01-10","Community Maternity Services","CD:2007-01-10:21"
"http://data.parliament.uk/resources/103699","2007-01-10","Sub Post-Offices","CD:2007-01-10:22"
"http://data.parliament.uk/resources/103700","2007-01-10","Sub Post-Offices","CD:2007-01-10:23"
"http://data.parliament.uk/resources/103695","2007-01-09","Welfare Reform Bill","CD:2007-01-09:18"
"http://data.parliament.uk/resources/103696","2007-01-09","Welfare Reform Bill","CD:2007-01-09:19"
"http://data.parliament.uk/resources/103697","2007-01-09","Welfare Reform Bill","CD:2007-01-09:20"
"http://data.parliament.uk/resources/103694","2006-12-13","Justice and Security (Northern Ireland) Bill","CD:2006-12-13:17"
"http://data.parliament.uk/resources/103692","2006-12-12","Greater London Authority Bill","CD:2006-12-12:15"
"http://data.parliament.uk/resources/103693","2006-12-12","Greater London Authority Bill","CD:2006-12-12:16"
"http://data.parliament.uk/resources/103690","2006-12-11","Offender Management Bill","CD:2006-12-11:13"
"http://data.parliament.uk/resources/103691","2006-12-11","Offender Management Bill","CD:2006-12-11:14"
"http://data.parliament.uk/resources/103688","2006-12-05","Public Health","CD:2006-12-05:11"
"http://data.parliament.uk/resources/103689","2006-12-05","Transport Strategy","CD:2006-12-05:12"
"http://data.parliament.uk/resources/103686","2006-12-04","Corporate Manslaughter and Corporate Homicide Bill","CD:2006-12-04:9"
"http://data.parliament.uk/resources/103687","2006-12-04","Corporate Manslaughter and Corporate Homicide Bill","CD:2006-12-04:10"
"http://data.parliament.uk/resources/103685","2006-11-30","Business of the House","CD:2006-11-30:8"
"http://data.parliament.uk/resources/103683","2006-11-29","Fraud (Trials without a Jury) Bill","CD:2006-11-29:6"
"http://data.parliament.uk/resources/103684","2006-11-29","European Community Documents","CD:2006-11-29:7"
"http://data.parliament.uk/resources/103680","2006-11-27","Treasury and Work and Pensions","CD:2006-11-27:3"
"http://data.parliament.uk/resources/103681","2006-11-27","Treasury and Work and Pensions","CD:2006-11-27:4"
"http://data.parliament.uk/resources/103682","2006-11-27","Treasury and Work and Pensions","CD:2006-11-27:5"
"http://data.parliament.uk/resources/103679","2006-11-23","Debate on the Address","CD:2006-11-23:2"
"http://data.parliament.uk/resources/103678","2006-11-21","Northern Ireland (St Andrews Agreement) Bill","CD:2006-11-21:1"
"http://data.parliament.uk/resources/103677","2006-11-07","Legislative and Regulatory Reform Bill","CD:2006-11-07:343"
"http://data.parliament.uk/resources/103673","2006-11-06","NHS Redress Bill","CD:2006-11-06:339"
"http://data.parliament.uk/resources/103674","2006-11-06","Police and Justice Bill","CD:2006-11-06:340"
"http://data.parliament.uk/resources/103675","2006-11-06","Police and Justice Bill","CD:2006-11-06:341"
"http://data.parliament.uk/resources/103676","2006-11-06","Police and Justice Bill","CD:2006-11-06:342"
"http://data.parliament.uk/resources/103672","2006-11-02","Education and Inspections Bill","CD:2006-11-02:338"
"http://data.parliament.uk/resources/103666","2006-11-01","Northern Ireland","CD:2006-11-01:332"
"http://data.parliament.uk/resources/103667","2006-11-01","Voluntary reduction “modulation” of direct farm support payments","CD:2006-11-01:333"
"http://data.parliament.uk/resources/103668","2006-11-01","Legislative Process","CD:2006-11-01:334"
"http://data.parliament.uk/resources/103669","2006-11-01","Communications allowance","CD:2006-11-01:335"
"http://data.parliament.uk/resources/103670","2006-11-01","September sittings","CD:2006-11-01:336"
"http://data.parliament.uk/resources/103671","2006-11-01","Short speeches","CD:2006-11-01:337"
"http://data.parliament.uk/resources/103663","2006-10-31","Termination of Pregnancy","CD:2006-10-31:329"
"http://data.parliament.uk/resources/103664","2006-10-31","Iraq","CD:2006-10-31:330"
"http://data.parliament.uk/resources/103665","2006-10-31","Iraq","CD:2006-10-31:331"
"http://data.parliament.uk/resources/103662","2006-10-26","A Citzens' Agenda","CD:2006-10-26:328"
"http://data.parliament.uk/resources/103659","2006-10-25","Charities Bill","CD:2006-10-25:325"
"http://data.parliament.uk/resources/103660","2006-10-25","Charities Bill","CD:2006-10-25:326"
"http://data.parliament.uk/resources/103661","2006-10-25","Charities Bill","CD:2006-10-25:327"
"http://data.parliament.uk/resources/103654","2006-10-24","Police and Justice Bill","CD:2006-10-24:320"
"http://data.parliament.uk/resources/103655","2006-10-24","Police and Justice Bill","CD:2006-10-24:321"
"http://data.parliament.uk/resources/103656","2006-10-24","Police and Justice Bill","CD:2006-10-24:322"
"http://data.parliament.uk/resources/103657","2006-10-24","Police and Justice Bill","CD:2006-10-24:323"
"http://data.parliament.uk/resources/103658","2006-10-24","Police and Justice Bill","CD:2006-10-24:324"
"http://data.parliament.uk/resources/103653","2006-10-23","Safeguarding Vulnerable Groups Bill","CD:2006-10-23:319"
"http://data.parliament.uk/resources/103650","2006-10-19","Companies Bill","CD:2006-10-19:316"
"http://data.parliament.uk/resources/103651","2006-10-19","Companies Bill","CD:2006-10-19:317"
"http://data.parliament.uk/resources/103652","2006-10-19","Companies Bill","CD:2006-10-19:318"
"http://data.parliament.uk/resources/103645","2006-10-18","Liability for Suicide","CD:2006-10-18:311"
"http://data.parliament.uk/resources/103646","2006-10-18","Liability for Suicide","CD:2006-10-18:312"
"http://data.parliament.uk/resources/103647","2006-10-18","Liability for Suicide","CD:2006-10-18:313"
"http://data.parliament.uk/resources/103648","2006-10-18","Liability for Suicide","CD:2006-10-18:314"
"http://data.parliament.uk/resources/103649","2006-10-18","Liability for Suicide","CD:2006-10-18:315"
"http://data.parliament.uk/resources/103641","2006-10-17","Gambling Act 2005 (Amendment)","CD:2006-10-17:307"
"http://data.parliament.uk/resources/103642","2006-10-17","Gambling Act 2005 (Amendment)","CD:2006-10-17:308"
"http://data.parliament.uk/resources/103643","2006-10-17","Gambling Act 2005 (Amendment)","CD:2006-10-17:309"
"http://data.parliament.uk/resources/103644","2006-10-17","Gambling Act 2005 (Amendment)","CD:2006-10-17:310"
"http://data.parliament.uk/resources/103638","2006-10-16","Post Office","CD:2006-10-16:304"
"http://data.parliament.uk/resources/103639","2006-10-16","Post Office","CD:2006-10-16:305"
"http://data.parliament.uk/resources/103640","2006-10-16","Post Office","CD:2006-10-16:306"
"http://data.parliament.uk/resources/103636","2006-10-12","Civil Aviation Bill","CD:2006-10-12:302"
"http://data.parliament.uk/resources/103637","2006-10-12","Civil Aviation Bill","CD:2006-10-12:303"
"http://data.parliament.uk/resources/103635","2006-10-11","NHS Workforce and Service Development","CD:2006-10-11:301"
"http://data.parliament.uk/resources/103633","2006-10-10","Corporate Manslaughter and Corporate Homicide Bill","CD:2006-10-10:299"
"http://data.parliament.uk/resources/103634","2006-10-10","Corporate Manslaughter and Corporate Homicide Bill","CD:2006-10-10:300"
"http://data.parliament.uk/resources/103630","2006-10-09","Road Safety Bill","CD:2006-10-09:296"
"http://data.parliament.uk/resources/103631","2006-10-09","Road Safety Bill","CD:2006-10-09:297"
"http://data.parliament.uk/resources/103632","2006-10-09","Raod Safety Bill","CD:2006-10-09:298"
"http://data.parliament.uk/resources/103629","2006-07-25","Northern Ireland (Miscellaneous Provisions) Bill","CD:2006-07-25:295"
"http://data.parliament.uk/resources/103628","2006-07-19","Home Information Packs","CD:2006-07-19:294"
"http://data.parliament.uk/resources/103625","2006-07-18","Government of Wales Bill","CD:2006-07-18:291"
"http://data.parliament.uk/resources/103626","2006-07-18","Government of Wales Bill","CD:2006-07-18:292"
"http://data.parliament.uk/resources/103627","2006-07-18","Government of Wales Bill","CD:2006-07-18:293"
"http://data.parliament.uk/resources/103624","2006-07-17","Compensation Bill","CD:2006-07-17:290"
"http://data.parliament.uk/resources/103623","2006-07-14","Prayers","CD:2006-07-14:289"
"http://data.parliament.uk/resources/103619","2006-07-13","NHS Redress Bill","CD:2006-07-13:285"
"http://data.parliament.uk/resources/103620","2006-07-13","NHS Redress Bill","CD:2006-07-13:286"
"http://data.parliament.uk/resources/103621","2006-07-13","NHS Redress Bill","CD:2006-07-13:287"
"http://data.parliament.uk/resources/103622","2006-07-13","European Documents","CD:2006-07-13:288"
"http://data.parliament.uk/resources/103618","2006-07-12","UK-US Extradition Treaty","CD:2006-07-12:284"
"http://data.parliament.uk/resources/103617","2006-07-10","Broadcasting","CD:2006-07-10:283"
"http://data.parliament.uk/resources/103611","2006-07-05","Draft Education (Northern Ireland) Order 2006","CD:2006-07-05:277"
"http://data.parliament.uk/resources/103612","2006-07-05","Motion on the Summer Adjournment","CD:2006-07-05:278"
"http://data.parliament.uk/resources/103613","2006-07-05","Finance (No. 2) Bill","CD:2006-07-05:279"
"http://data.parliament.uk/resources/103614","2006-07-05","Finance (No. 2) Bill","CD:2006-07-05:280"
"http://data.parliament.uk/resources/103615","2006-07-05","Finance (No. 2) Bill","CD:2006-07-05:281"
"http://data.parliament.uk/resources/103616","2006-07-05","Finance (No. 2) Bill","CD:2006-07-05:282"
"http://data.parliament.uk/resources/103606","2006-07-04","Finance (No. 2) Bill","CD:2006-07-04:272"
"http://data.parliament.uk/resources/103607","2006-07-04","Finance (No. 2) Bill","CD:2006-07-04:273"
"http://data.parliament.uk/resources/103608","2006-07-04","Finance (No. 2) Bill","CD:2006-07-04:274"
"http://data.parliament.uk/resources/103609","2006-07-04","Finance (No. 2) Bill","CD:2006-07-04:275"
"http://data.parliament.uk/resources/103610","2006-07-04","Finance (No. 2) Bill","CD:2006-07-04:276"
"http://data.parliament.uk/resources/103605","2006-06-28","Electoral Administration Bill","CD:2006-06-28:271"
"http://data.parliament.uk/resources/103603","2006-06-21","BBC","CD:2006-06-21:269"
"http://data.parliament.uk/resources/103604","2006-06-21","Planning","CD:2006-06-21:270"
"http://data.parliament.uk/resources/103599","2006-06-20","Children and Adoption Bill","CD:2006-06-20:265"
"http://data.parliament.uk/resources/103600","2006-06-20","Children and Adoption Bill","CD:2006-06-20:266"
"http://data.parliament.uk/resources/103601","2006-06-20","Children and Adoption Bill","CD:2006-06-20:267"
"http://data.parliament.uk/resources/103602","2006-06-20","Children and Adoption Bill","CD:2006-06-20:268"
"http://data.parliament.uk/resources/103595","2006-06-16","Prayers","CD:2006-06-16:261"
"http://data.parliament.uk/resources/103596","2006-06-16","International Development (Reporting and Transparency) Bill","CD:2006-06-16:262"
"http://data.parliament.uk/resources/103597","2006-06-16","International Development (Reporting and Transparency) Bill","CD:2006-06-16:263"
"http://data.parliament.uk/resources/103598","2006-06-16","International Development (Reporting and Transparency) Bill","CD:2006-06-16:264"
"http://data.parliament.uk/resources/103594","2006-06-14","Parliamentary and Local Elections (Choice of Electoral Systems)","CD:2006-06-14:260"
"http://data.parliament.uk/resources/103592","2006-06-13","Electoral Administration Bill","CD:2006-06-13:258"
"http://data.parliament.uk/resources/103593","2006-06-13","Electoral Administration Bill","CD:2006-06-13:259"
"http://data.parliament.uk/resources/103591","2006-06-07","Tax Credits","CD:2006-06-07:257"
"http://data.parliament.uk/resources/103590","2006-06-06","Company Law Reform Bill (programme)","CD:2006-06-06:256"
"http://data.parliament.uk/resources/103584","2006-05-24","Education and Inspections Bill","CD:2006-05-24:250"
"http://data.parliament.uk/resources/103585","2006-05-24","Education and Inspections Bill","CD:2006-05-24:251"
"http://data.parliament.uk/resources/103586","2006-05-24","Education and Inspections Bill","CD:2006-05-24:252"
"http://data.parliament.uk/resources/103587","2006-05-24","Education and Inspections Bill","CD:2006-05-24:253"
"http://data.parliament.uk/resources/103588","2006-05-24","Education and Inspections Bill","CD:2006-05-24:254"
"http://data.parliament.uk/resources/103589","2006-05-24","Education and Inspections Bill","CD:2006-05-24:255"
"http://data.parliament.uk/resources/103581","2006-05-23","Education and Inspections Bill","CD:2006-05-23:247"
"http://data.parliament.uk/resources/103582","2006-05-23","Education and Inspections Bill","CD:2006-05-23:248"
"http://data.parliament.uk/resources/103583","2006-05-23","Education and Inspections Bill","CD:2006-05-23:249"
"http://data.parliament.uk/resources/103579","2006-05-22","Armed Forces Bill","CD:2006-05-22:245"
"http://data.parliament.uk/resources/103580","2006-05-22","Armed Forces Bill","CD:2006-05-22:246"
"http://data.parliament.uk/resources/103576","2006-05-17","Northern Ireland (Miscellaneous Provisions) Bill","CD:2006-05-17:242"
"http://data.parliament.uk/resources/103577","2006-05-17","Northern Ireland (Miscellaneous Provisions) Bill","CD:2006-05-17:243"
"http://data.parliament.uk/resources/103578","2006-05-17","Northern Ireland (Miscellaneous Provisions) Bill","CD:2006-05-17:244"
"http://data.parliament.uk/resources/103569","2006-05-16","Legislative and Regulatory Reform Bill","CD:2006-05-16:235"
"http://data.parliament.uk/resources/103570","2006-05-16","Legislative and Regulatory Reform Bill","CD:2006-05-16:236"
"http://data.parliament.uk/resources/103571","2006-05-16","Legislative and Regulatory Reform Bill","CD:2006-05-16:237"
"http://data.parliament.uk/resources/103572","2006-05-16","Legislative and Regulatory Reform Bill","CD:2006-05-16:238"
"http://data.parliament.uk/resources/103573","2006-05-16","Legislative and Regulatory Reform Bill","CD:2006-05-16:239"
"http://data.parliament.uk/resources/103574","2006-05-16","Legislative and Regulatory Reform Bill","CD:2006-05-16:240"
"http://data.parliament.uk/resources/103575","2006-05-16","Legislative and Regulatory Reform Bill","CD:2006-05-16:241"
"http://data.parliament.uk/resources/103565","2006-05-15","Legislative and Regulatory Reform Bill","CD:2006-05-15:231"
"http://data.parliament.uk/resources/103566","2006-05-15","Legislative and Regulatory Reform Bill","CD:2006-05-15:232"
"http://data.parliament.uk/resources/103567","2006-05-15","Legislative and Regulatory Reform Bill","CD:2006-05-15:233"
"http://data.parliament.uk/resources/103568","2006-05-15","Legislative and Regulatory Reform Bill","CD:2006-05-15:234"
"http://data.parliament.uk/resources/103564","2006-05-12","PRAYERS","CD:2006-05-12:230"
"http://data.parliament.uk/resources/103561","2006-05-10","Police and Justice Bill","CD:2006-05-10:227"
"http://data.parliament.uk/resources/103562","2006-05-10","Police and Justice Bill","CD:2006-05-10:228"
"http://data.parliament.uk/resources/103563","2006-05-10","Police and Justice Bill","CD:2006-05-10:229"
"http://data.parliament.uk/resources/103559","2006-05-09","Management of the National Health Service","CD:2006-05-09:225"
"http://data.parliament.uk/resources/103560","2006-05-09","Mangagement of the National Health Service","CD:2006-05-09:226"
"http://data.parliament.uk/resources/103557","2006-05-08","Civil Aviation Bill","CD:2006-05-08:223"
"http://data.parliament.uk/resources/103558","2006-05-08","Future EU Finances and Own Resources","CD:2006-05-08:224"
"http://data.parliament.uk/resources/103554","2006-05-02","Finance (No. 2) Bill","CD:2006-05-02:220"
"http://data.parliament.uk/resources/103555","2006-05-02","Finance (No. 2) Bill","CD:2006-05-02:221"
"http://data.parliament.uk/resources/103556","2006-05-02","Finance (No. 2) Bill","CD:2006-05-02:222"
"http://data.parliament.uk/resources/103552","2006-04-27","Northern Ireland Bill","CD:2006-04-27:218"
"http://data.parliament.uk/resources/103553","2006-04-27","Northern Ireland Bill","CD:2006-04-27:219"
"http://data.parliament.uk/resources/103551","2006-04-26","Deferred Division Local Government (Boundaries) (Northern Ireland) Order 2006","CD:2006-04-26:217"
"http://data.parliament.uk/resources/103550","2006-04-25","Housing Corporation (Delegation) etc. Bill (Programme)","CD:2006-04-25:216"
"http://data.parliament.uk/resources/103548","2006-04-24","Finance (No. 2) Bill","CD:2006-04-24:214"
"http://data.parliament.uk/resources/103549","2006-04-24","Finance (No. 2) Bill","CD:2006-04-24:215"
"http://data.parliament.uk/resources/103546","2006-04-20","Northern Ireland (Miscellaneous Provisions) Bill","CD:2006-04-20:212"
"http://data.parliament.uk/resources/103547","2006-04-20","Northern Ireland (Miscellaneous Provisions) Bill","CD:2006-04-20:213"
"http://data.parliament.uk/resources/103544","2006-04-19","Northern Ireland (Miscellaneous Provisions) Bill","CD:2006-04-19:210"
"http://data.parliament.uk/resources/103545","2006-04-19","Northern Ireland (Miscellaneous Provisions) Bill","CD:2006-04-19:211"
"http://data.parliament.uk/resources/103543","2006-04-18","COMMONS BILL [LORDS] (PROGRAMME)","CD:2006-04-18:209"
"http://data.parliament.uk/resources/103537","2006-03-29","Identity Cards Bill","CD:2006-03-29:203"
"http://data.parliament.uk/resources/103538","2006-03-29","Immigration, Asylum and Nationality Bill (Programme) (No. 3)","CD:2006-03-29:204"
"http://data.parliament.uk/resources/103539","2006-03-29","Immigration, Asylum and Nationality Bill","CD:2006-03-29:205"
"http://data.parliament.uk/resources/103540","2006-03-29","Natural Environment and Rural Communities Bill","CD:2006-03-29:206"
"http://data.parliament.uk/resources/103541","2006-03-29","Consumer Credit Bill (Programme) (No. 2)","CD:2006-03-29:207"
"http://data.parliament.uk/resources/103542","2006-03-29","Identity Cards Bill","CD:2006-03-29:208"
"http://data.parliament.uk/resources/103533","2006-03-28","Budget Resolutions and Economic Situation","CD:2006-03-28:199"
"http://data.parliament.uk/resources/103534","2006-03-28","Budget Resolutions and Economic Situation","CD:2006-03-28:200"
"http://data.parliament.uk/resources/103535","2006-03-28","Budget Resolutions and Economic Situation","CD:2006-03-28:201"
"http://data.parliament.uk/resources/103536","2006-03-28","Budget Resolutions and Economic Situation","CD:2006-03-28:202"
"http://data.parliament.uk/resources/103532","2006-03-21","Identity Cards Bill","CD:2006-03-21:198"
"http://data.parliament.uk/resources/103531","2006-03-17","As amended in the Standing Committee, further considered.","CD:2006-03-17:197"
"http://data.parliament.uk/resources/103528","2006-03-16","Identity Cards Bill","CD:2006-03-16:194"
"http://data.parliament.uk/resources/103529","2006-03-16","Terrorism Bill","CD:2006-03-16:195"
"http://data.parliament.uk/resources/103530","2006-03-16","Terrorism Bill","CD:2006-03-16:196"
"http://data.parliament.uk/resources/103526","2006-03-15","Education and Inspections Bill","CD:2006-03-15:192"
"http://data.parliament.uk/resources/103527","2006-03-15","EDUCATION AND INSPECTIONS BILL (PROGRAMME)","CD:2006-03-15:193"
"http://data.parliament.uk/resources/103521","2006-03-14","Animal Welfare Bill","CD:2006-03-14:187"
"http://data.parliament.uk/resources/103522","2006-03-14","Animal Welfare Bill","CD:2006-03-14:188"
"http://data.parliament.uk/resources/103523","2006-03-14","Animal Welfare Bill","CD:2006-03-14:189"
"http://data.parliament.uk/resources/103524","2006-03-14","Animal Welfare Bill","CD:2006-03-14:190"
"http://data.parliament.uk/resources/103525","2006-03-14","Animal Welfare Bill","CD:2006-03-14:191"
"http://data.parliament.uk/resources/103520","2006-03-13","Identity Cards Bill","CD:2006-03-13:186"
"http://data.parliament.uk/resources/103519","2006-03-10","Climate Change and Sustainable Energy Bill","CD:2006-03-10:185"
"http://data.parliament.uk/resources/103518","2006-03-03","PRAYERS","CD:2006-03-03:184"
"http://data.parliament.uk/resources/103516","2006-03-01","Dentistry","CD:2006-03-01:182"
"http://data.parliament.uk/resources/103517","2006-03-01","Cancer Services","CD:2006-03-01:183"
"http://data.parliament.uk/resources/103510","2006-02-28","Government of Wales Bill","CD:2006-02-28:176"
"http://data.parliament.uk/resources/103511","2006-02-28","Government of Wales Bill","CD:2006-02-28:177"
"http://data.parliament.uk/resources/103512","2006-02-28","Government of Wales Bill","CD:2006-02-28:178"
"http://data.parliament.uk/resources/103513","2006-02-28","Government of Wales Bill","CD:2006-02-28:179"
"http://data.parliament.uk/resources/103514","2006-02-28","Government of Wales Bill","CD:2006-02-28:180"
"http://data.parliament.uk/resources/103515","2006-02-28","Government of Wales Bill","CD:2006-02-28:181"
"http://data.parliament.uk/resources/103505","2006-02-27","Government of Wales Bill (Programme) (No. 2)","CD:2006-02-27:171"
"http://data.parliament.uk/resources/103506","2006-02-27","Government of Wales Bill","CD:2006-02-27:172"
"http://data.parliament.uk/resources/103507","2006-02-27","Government of Wales Bill","CD:2006-02-27:173"
"http://data.parliament.uk/resources/103508","2006-02-27","Government of Wales Bill","CD:2006-02-27:174"
"http://data.parliament.uk/resources/103509","2006-02-27","Government of Wales Bill","CD:2006-02-27:175"
"http://data.parliament.uk/resources/103501","2006-02-15","Deferred Division","CD:2006-02-15:167"
"http://data.parliament.uk/resources/103502","2006-02-15","Terrorism Bill","CD:2006-02-15:168"
"http://data.parliament.uk/resources/103503","2006-02-15","Terrorism Bill","CD:2006-02-15:169"
"http://data.parliament.uk/resources/103504","2006-02-15","Terrorism Bill","CD:2006-02-15:170"
"http://data.parliament.uk/resources/103497","2006-02-14","Health Bill","CD:2006-02-14:163"
"http://data.parliament.uk/resources/103498","2006-02-14","Health Bill","CD:2006-02-14:164"
"http://data.parliament.uk/resources/103499","2006-02-14","Health Bill","CD:2006-02-14:165"
"http://data.parliament.uk/resources/103500","2006-02-14","Health Bill","CD:2006-02-14:166"
"http://data.parliament.uk/resources/103492","2006-02-13","Identity Cards Bill","CD:2006-02-13:158"
"http://data.parliament.uk/resources/103493","2006-02-13","Identity Cards Bill","CD:2006-02-13:159"
"http://data.parliament.uk/resources/103494","2006-02-13","Identity Cards Bill","CD:2006-02-13:160"
"http://data.parliament.uk/resources/103495","2006-02-13","Identity Cards Bill","CD:2006-02-13:161"
"http://data.parliament.uk/resources/103496","2006-02-13","Identity Cards Bill","CD:2006-02-13:162"
"http://data.parliament.uk/resources/103491","2006-02-09","Legislative and Regulatory Reform Bill (Programme)","CD:2006-02-09:157"
"http://data.parliament.uk/resources/103487","2006-02-08","Deferred Division","CD:2006-02-08:153"
"http://data.parliament.uk/resources/103488","2006-02-08","Business of the House","CD:2006-02-08:154"
"http://data.parliament.uk/resources/103489","2006-02-08","Opposition Parties (Financial Assistance)","CD:2006-02-08:155"
"http://data.parliament.uk/resources/103490","2006-02-08","Support for Members who have chosen not to take their seats","CD:2006-02-08:156"
"http://data.parliament.uk/resources/103485","2006-02-07","Mental Health Services","CD:2006-02-07:151"
"http://data.parliament.uk/resources/103486","2006-02-07","NHS Reorganisation","CD:2006-02-07:152"
"http://data.parliament.uk/resources/103483","2006-02-01","Police Amalgamations","CD:2006-02-01:149"
"http://data.parliament.uk/resources/103484","2006-02-01","GovernmentŸs 10-year Transport Plan","CD:2006-02-01:150"
"http://data.parliament.uk/resources/103481","2006-01-31","Racial and Religious Hatred Bill","CD:2006-01-31:147"
"http://data.parliament.uk/resources/103482","2006-01-31","Racial and Religious Hatred Bill","CD:2006-01-31:148"
"http://data.parliament.uk/resources/103479","2006-01-30","Government of Wales Bill (Committee of the whole house)","CD:2006-01-30:145"
"http://data.parliament.uk/resources/103480","2006-01-30","Government of Wales Bill (Committee of the whole house)","CD:2006-01-30:146"
"http://data.parliament.uk/resources/103477","2006-01-26","Criminal Defence Service Bill [Lords] (Programme) (No. 2)","CD:2006-01-26:143"
"http://data.parliament.uk/resources/103478","2006-01-26","Criminal Defence Service Bill [Lords]","CD:2006-01-26:144"
"http://data.parliament.uk/resources/103472","2006-01-24","Government of Wales Bill (Committee of the whole house)","CD:2006-01-24:138"
"http://data.parliament.uk/resources/103473","2006-01-24","Government of Wales Bill (Committee of the whole house)","CD:2006-01-24:139"
"http://data.parliament.uk/resources/103474","2006-01-24","Government of Wales Bill (Committee of the whole house)","CD:2006-01-24:140"
"http://data.parliament.uk/resources/103475","2006-01-24","Government of Wales Bill (Committee of the whole house)","CD:2006-01-24:141"
"http://data.parliament.uk/resources/103476","2006-01-24","Government of Wales Bill (Committee of the whole house)","CD:2006-01-24:142"
"http://data.parliament.uk/resources/103468","2006-01-23","Government of Wales Bill (Committee of the whole house)","CD:2006-01-23:134"
"http://data.parliament.uk/resources/103469","2006-01-23","Government of Wales Bill (Committee of the whole house)","CD:2006-01-23:135"
"http://data.parliament.uk/resources/103470","2006-01-23","Government of Wales Bill (Committee of the whole house)","CD:2006-01-23:136"
"http://data.parliament.uk/resources/103471","2006-01-23","Government of Wales Bill (Committee of the whole house)","CD:2006-01-23:137"
"http://data.parliament.uk/resources/103467","2006-01-20","Point of Order","CD:2006-01-20:133"
"http://data.parliament.uk/resources/103463","2006-01-19","National Lottery Bill","CD:2006-01-19:129"
"http://data.parliament.uk/resources/103464","2006-01-19","National Lottery Bill","CD:2006-01-19:130"
"http://data.parliament.uk/resources/103465","2006-01-19","National Lottery Bill","CD:2006-01-19:131"
"http://data.parliament.uk/resources/103466","2006-01-19","National Lottery Bill","CD:2006-01-19:132"
"http://data.parliament.uk/resources/103462","2006-01-18","Work and Families Bill","CD:2006-01-18:128"
"http://data.parliament.uk/resources/103459","2006-01-17","Child Support Agency","CD:2006-01-17:125"
"http://data.parliament.uk/resources/103460","2006-01-17","Civil Nuclear Power","CD:2006-01-17:126"
"http://data.parliament.uk/resources/103461","2006-01-17","Civil Nuclear Power","CD:2006-01-17:127"
"http://data.parliament.uk/resources/103458","2006-01-16","Equality Bill [Lords]","CD:2006-01-16:124"
"http://data.parliament.uk/resources/103457","2006-01-12","Crossrail Bill [Instruction No. 2]","CD:2006-01-12:123"
"http://data.parliament.uk/resources/103454","2006-01-11","Electoral Administration Bill","CD:2006-01-11:120"
"http://data.parliament.uk/resources/103455","2006-01-11","Electoral Administration Bill","CD:2006-01-11:121"
"http://data.parliament.uk/resources/103456","2006-01-11","Electoral Administration Bill","CD:2006-01-11:122"
"http://data.parliament.uk/resources/103453","2006-01-09","Government of Wales Bill","CD:2006-01-09:119"
"http://data.parliament.uk/resources/103452","2005-12-15","National Insurance Contributions Bill","CD:2005-12-15:118"
"http://data.parliament.uk/resources/103451","2005-12-14","Deferred Division","CD:2005-12-14:117"
"http://data.parliament.uk/resources/103449","2005-12-06","London Olympics Bill","CD:2005-12-06:115"
"http://data.parliament.uk/resources/103450","2005-12-06","London Olympics Bill","CD:2005-12-06:116"
"http://data.parliament.uk/resources/103448","2005-12-02","Motion to sit in private","CD:2005-12-02:114"
"http://data.parliament.uk/resources/103447","2005-12-01","Council Tax (New Valuation Lists for England) Bill","CD:2005-12-01:113"
"http://data.parliament.uk/resources/103444","2005-11-30","Terrorism (Northern Ireland) Bill","CD:2005-11-30:110"
"http://data.parliament.uk/resources/103445","2005-11-30","Terrorism (Northern Ireland) Bill","CD:2005-11-30:111"
"http://data.parliament.uk/resources/103446","2005-11-30","Terrorism (Northern Ireland) Bill","CD:2005-11-30:112"
"http://data.parliament.uk/resources/103443","2005-11-29","Representation of the People (Reduction of Voting Age)","CD:2005-11-29:109"
"http://data.parliament.uk/resources/103440","2005-11-23","Deferred Division","CD:2005-11-23:106"
"http://data.parliament.uk/resources/103441","2005-11-23","Northern Ireland (Offences) Bill","CD:2005-11-23:107"
"http://data.parliament.uk/resources/103442","2005-11-23","Northern Ireland (Offences) Bill","CD:2005-11-23:108"
"http://data.parliament.uk/resources/103438","2005-11-22","Welfare Reform and Incapacity Benefit","CD:2005-11-22:104"
"http://data.parliament.uk/resources/103439","2005-11-22","Climate Change","CD:2005-11-22:105"
"http://data.parliament.uk/resources/103437","2005-11-21","EQUALITY BILL [LORDS] (PROGRAMME)","CD:2005-11-21:103"
"http://data.parliament.uk/resources/103430","2005-11-16","Deferred Division","CD:2005-11-16:96"
"http://data.parliament.uk/resources/103431","2005-11-16","Immigration, Asylum and Nationality Bill","CD:2005-11-16:97"
"http://data.parliament.uk/resources/103432","2005-11-16","Immigration, Asylum and Nationality Bill","CD:2005-11-16:98"
"http://data.parliament.uk/resources/103433","2005-11-16","Immigration, Asylum and Nationality Bill","CD:2005-11-16:99"
"http://data.parliament.uk/resources/103434","2005-11-16","Immigration, Asylum and Nationality Bill","CD:2005-11-16:100"
"http://data.parliament.uk/resources/103435","2005-11-16","Immigration, Asylum and Nationality Bill","CD:2005-11-16:101"
"http://data.parliament.uk/resources/103436","2005-11-16","Immigration, Asylum and Nationality Bill","CD:2005-11-16:102"
"http://data.parliament.uk/resources/103427","2005-11-15","NHS Finance","CD:2005-11-15:93"
"http://data.parliament.uk/resources/103428","2005-11-15","Licensing Act 2003 (S.I. 2005, No. 2091)","CD:2005-11-15:94"
"http://data.parliament.uk/resources/103429","2005-11-15","Ministerial Code","CD:2005-11-15:95"
"http://data.parliament.uk/resources/103422","2005-11-14","Violent Crime Reduction Bill","CD:2005-11-14:88"
"http://data.parliament.uk/resources/103423","2005-11-14","Violent Crime Reduction Bill","CD:2005-11-14:89"
"http://data.parliament.uk/resources/103424","2005-11-14","Violent Crime Reduction Bill","CD:2005-11-14:90"
"http://data.parliament.uk/resources/103425","2005-11-14","Violent Crime Reduction Bill","CD:2005-11-14:91"
"http://data.parliament.uk/resources/103426","2005-11-14","Violent Crime Reduction Bill","CD:2005-11-14:92"
"http://data.parliament.uk/resources/103417","2005-11-09","Terrorism Bill (Programme) (No. 2)","CD:2005-11-09:83"
"http://data.parliament.uk/resources/103418","2005-11-09","Terrorism Bill","CD:2005-11-09:84"
"http://data.parliament.uk/resources/103419","2005-11-09","Terrorism Bill","CD:2005-11-09:85"
"http://data.parliament.uk/resources/103420","2005-11-09","Terrorism Bill","CD:2005-11-09:86"
"http://data.parliament.uk/resources/103421","2005-11-09","Terrorism Bill","CD:2005-11-09:87"
"http://data.parliament.uk/resources/103415","2005-11-08","Electoral Administration Bill","CD:2005-11-08:81"
"http://data.parliament.uk/resources/103416","2005-11-08","Electoral Administration Bill","CD:2005-11-08:82"
"http://data.parliament.uk/resources/103413","2005-11-07","Council Tax (New Valuation Lists for England) Bill","CD:2005-11-07:79"
"http://data.parliament.uk/resources/103414","2005-11-07","Council Tax (New Valuation Lists for England) Bill","CD:2005-11-07:80"
"http://data.parliament.uk/resources/103410","2005-11-03","Terrorism Bill","CD:2005-11-03:76"
"http://data.parliament.uk/resources/103411","2005-11-03","Terrorism Bill","CD:2005-11-03:77"
"http://data.parliament.uk/resources/103412","2005-11-03","Terrorism Bill","CD:2005-11-03:78"
"http://data.parliament.uk/resources/103407","2005-11-02","Terrorism Bill","CD:2005-11-02:73"
"http://data.parliament.uk/resources/103408","2005-11-02","Terrorism Bill","CD:2005-11-02:74"
"http://data.parliament.uk/resources/103409","2005-11-02","Terrorism Bill","CD:2005-11-02:75"
"http://data.parliament.uk/resources/103406","2005-10-28","Council Tax","CD:2005-10-28:72"
"http://data.parliament.uk/resources/103404","2005-10-26","Terrorism Bill","CD:2005-10-26:70"
"http://data.parliament.uk/resources/103405","2005-10-26","Terrorism Bill","CD:2005-10-26:71"
"http://data.parliament.uk/resources/103403","2005-10-25","Electoral Administration Bill","CD:2005-10-25:69"
"http://data.parliament.uk/resources/103399","2005-10-24","Railtrack","CD:2005-10-24:65"
"http://data.parliament.uk/resources/103400","2005-10-24","Railtrack","CD:2005-10-24:66"
"http://data.parliament.uk/resources/103401","2005-10-24","Licensing Laws","CD:2005-10-24:67"
"http://data.parliament.uk/resources/103402","2005-10-24","Licensing Laws","CD:2005-10-24:68"
"http://data.parliament.uk/resources/103398","2005-10-21","Armed Forces (Parliamentary Approval for Participation in Armed Conflict) Bill","CD:2005-10-21:64"
"http://data.parliament.uk/resources/103395","2005-10-19","Deferred Division","CD:2005-10-19:61"
"http://data.parliament.uk/resources/103396","2005-10-19","Council Tax Revaluation","CD:2005-10-19:62"
"http://data.parliament.uk/resources/103397","2005-10-19","Emergency Preparedness","CD:2005-10-19:63"
"http://data.parliament.uk/resources/103389","2005-10-18","Identity Cards Bill (Programme) (No. 3)","CD:2005-10-18:55"
"http://data.parliament.uk/resources/103390","2005-10-18","Identity Cards Bill","CD:2005-10-18:56"
"http://data.parliament.uk/resources/103391","2005-10-18","Identity Cards Bill","CD:2005-10-18:57"
"http://data.parliament.uk/resources/103392","2005-10-18","Identity Cards Bill","CD:2005-10-18:58"
"http://data.parliament.uk/resources/103393","2005-10-18","Identity Cards Bill","CD:2005-10-18:59"
"http://data.parliament.uk/resources/103394","2005-10-18","Identity Cards Bill","CD:2005-10-18:60"
"http://data.parliament.uk/resources/103387","2005-10-12","Emergency Services (Regionalisation)","CD:2005-10-12:53"
"http://data.parliament.uk/resources/103388","2005-10-12","Tackling Climate Change","CD:2005-10-12:54"
"http://data.parliament.uk/resources/103385","2005-10-11","Natural Environment and Rural Communities Bill","CD:2005-10-11:51"
"http://data.parliament.uk/resources/103386","2005-10-11","Natural Environment and Rural Communities Bill","CD:2005-10-11:52"
"http://data.parliament.uk/resources/103382","2005-10-10","Civil Aviation Bill","CD:2005-10-10:48"
"http://data.parliament.uk/resources/103383","2005-10-10","Civil Aviation Bill","CD:2005-10-10:49"
"http://data.parliament.uk/resources/103384","2005-10-10","Civil Aviation Bill","CD:2005-10-10:50"
"http://data.parliament.uk/resources/103380","2005-07-20","Deferred Division","CD:2005-07-20:46"
"http://data.parliament.uk/resources/103381","2005-07-20","Council Tax","CD:2005-07-20:47"
"http://data.parliament.uk/resources/103378","2005-07-19","Crossrail Bill","CD:2005-07-19:44"
"http://data.parliament.uk/resources/103379","2005-07-19","Crossrail Bill","CD:2005-07-19:45"
"http://data.parliament.uk/resources/103377","2005-07-14","Consumer Credit Bill","CD:2005-07-14:43"
"http://data.parliament.uk/resources/103372","2005-07-13","Administration Committee","CD:2005-07-13:38"
"http://data.parliament.uk/resources/103373","2005-07-13","Administration Committee","CD:2005-07-13:39"
"http://data.parliament.uk/resources/103374","2005-07-13","Administration Committee","CD:2005-07-13:40"
"http://data.parliament.uk/resources/103375","2005-07-13","Administration Committee","CD:2005-07-13:41"
"http://data.parliament.uk/resources/103376","2005-07-13","Administration Committee","CD:2005-07-13:42"
"http://data.parliament.uk/resources/103370","2005-07-12","Tax Credits","CD:2005-07-12:36"
"http://data.parliament.uk/resources/103371","2005-07-12","Licensing Act 2003","CD:2005-07-12:37"
"http://data.parliament.uk/resources/103368","2005-07-11","Racial and Religious Hatred Bill","CD:2005-07-11:34"
"http://data.parliament.uk/resources/103369","2005-07-11","Racial and Religious Hatred Bill","CD:2005-07-11:35"
"http://data.parliament.uk/resources/103364","2005-07-06","Finance Bill","CD:2005-07-06:30"
"http://data.parliament.uk/resources/103365","2005-07-06","Finance Bill","CD:2005-07-06:31"
"http://data.parliament.uk/resources/103366","2005-07-06","Finance Bill","CD:2005-07-06:32"
"http://data.parliament.uk/resources/103367","2005-07-06","Finance Bill","CD:2005-07-06:33"
"http://data.parliament.uk/resources/103363","2005-07-05","Immigration, Asylum and Nationality Bill","CD:2005-07-05:29"
"http://data.parliament.uk/resources/103359","2005-07-04","Local Taxation","CD:2005-07-04:25"
"http://data.parliament.uk/resources/103360","2005-07-04","Local Taxation","CD:2005-07-04:26"
"http://data.parliament.uk/resources/103361","2005-07-04","Government Regulation","CD:2005-07-04:27"
"http://data.parliament.uk/resources/103362","2005-07-04","Government Regulation","CD:2005-07-04:28"
"http://data.parliament.uk/resources/103357","2005-06-29","NHS Dentistry and Primary Health Care","CD:2005-06-29:23"
"http://data.parliament.uk/resources/103358","2005-06-29","Climate Change (G8 Summit)","CD:2005-06-29:24"
"http://data.parliament.uk/resources/103354","2005-06-28","Identity Cards Bill","CD:2005-06-28:20"
"http://data.parliament.uk/resources/103355","2005-06-28","Identity Cards Bill","CD:2005-06-28:21"
"http://data.parliament.uk/resources/103356","2005-06-28","Identity Cards Bill","CD:2005-06-28:22"
"http://data.parliament.uk/resources/103351","2005-06-22","Special Schools and Special Educational Needs","CD:2005-06-22:17"
"http://data.parliament.uk/resources/103352","2005-06-22","Electoral Integrity","CD:2005-06-22:18"
"http://data.parliament.uk/resources/103353","2005-06-22","Electoral Integrity","CD:2005-06-22:19"
"http://data.parliament.uk/resources/103348","2005-06-21","Racial and Religious Hatred Bill","CD:2005-06-21:14"
"http://data.parliament.uk/resources/103349","2005-06-21","Racial and Religious Hatred Bill","CD:2005-06-21:15"
"http://data.parliament.uk/resources/103350","2005-06-21","Racial and Religious Hatred Bill","CD:2005-06-21:16"
"http://data.parliament.uk/resources/103346","2005-06-14","National Lottery Bill","CD:2005-06-14:12"
"http://data.parliament.uk/resources/103347","2005-06-14","National Lottery Bill","CD:2005-06-14:13"
"http://data.parliament.uk/resources/103343","2005-06-13","Finance Bill","CD:2005-06-13:9"
"http://data.parliament.uk/resources/103344","2005-06-13","Finance Bill","CD:2005-06-13:10"
"http://data.parliament.uk/resources/103345","2005-06-13","Finance Bill","CD:2005-06-13:11"
"http://data.parliament.uk/resources/103341","2005-06-08","EU Constitution","CD:2005-06-08:7"
"http://data.parliament.uk/resources/103342","2005-06-08","EU Constitution","CD:2005-06-08:8"
"http://data.parliament.uk/resources/103339","2005-06-06","Natural Environment and Rural Communities Bill","CD:2005-06-06:5"
"http://data.parliament.uk/resources/103340","2005-06-06","Natural Environment and Rural Communities Bill","CD:2005-06-06:6"
"http://data.parliament.uk/resources/103336","2005-05-25","The Economy and Welfare Reform","CD:2005-05-25:2"
"http://data.parliament.uk/resources/103337","2005-05-25","The Economy and Welfare Reform","CD:2005-05-25:3"
"http://data.parliament.uk/resources/103338","2005-05-25","The Economy and Welfare Reform","CD:2005-05-25:4"
"http://data.parliament.uk/resources/103335","2005-05-24","Health and Education","CD:2005-05-24:1"
"http://data.parliament.uk/resources/103333","2005-04-06","Disability Discrimination Bill [Lords]","CD:2005-04-06:154"
"http://data.parliament.uk/resources/103334","2005-04-06","Railways Bill","CD:2005-04-06:155"
"http://data.parliament.uk/resources/103329","2005-04-05","Equality Bill","CD:2005-04-05:150"
"http://data.parliament.uk/resources/103330","2005-04-05","Mental Capacity Bill","CD:2005-04-05:151"
"http://data.parliament.uk/resources/103331","2005-04-05","Mental Capacity Bill","CD:2005-04-05:152"
"http://data.parliament.uk/resources/103332","2005-04-05","Mental Capacity Bill","CD:2005-04-05:153"
"http://data.parliament.uk/resources/103328","2005-03-22","Budget Resolutions and Economic Situation","CD:2005-03-22:149"
"http://data.parliament.uk/resources/103326","2005-03-18","Motions to sit in private","CD:2005-03-18:147"
"http://data.parliament.uk/resources/103327","2005-03-18","Smoking in Public Places (Wales) Bill","CD:2005-03-18:148"
"http://data.parliament.uk/resources/103324","2005-03-16","Budget Resolutions","CD:2005-03-16:145"
"http://data.parliament.uk/resources/103325","2005-03-16","Constitutional Reform Bill [Lords]","CD:2005-03-16:146"
"http://data.parliament.uk/resources/103322","2005-03-15","Inquiries Bill [Lords]","CD:2005-03-15:143"
"http://data.parliament.uk/resources/103323","2005-03-15","Inquiries Bill [Lords]","CD:2005-03-15:144"
"http://data.parliament.uk/resources/103308","2005-03-10","Support For Members Who Have Chosen Not To Take Their Seats","CD:2005-03-10:129"
"http://data.parliament.uk/resources/103309","2005-03-10","Support For Members Who Have Chosen Not To Take Their Seats","CD:2005-03-10:130"
"http://data.parliament.uk/resources/103310","2005-03-10","Prevention of Terrorism Bill","CD:2005-03-10:131"
"http://data.parliament.uk/resources/103311","2005-03-10","Prevention of Terrorism Bill","CD:2005-03-10:132"
"http://data.parliament.uk/resources/103312","2005-03-10","Prevention of Terrorism Bill","CD:2005-03-10:133"
"http://data.parliament.uk/resources/103313","2005-03-10","Prevention of Terrorism Bill","CD:2005-03-10:134"
"http://data.parliament.uk/resources/103314","2005-03-10","Prevention of Terrorism Bill","CD:2005-03-10:135"
"http://data.parliament.uk/resources/103315","2005-03-10","Prevention of Terrorism Bill","CD:2005-03-10:136"
"http://data.parliament.uk/resources/103316","2005-03-10","Prevention of Terrorism Bill","CD:2005-03-10:137"
"http://data.parliament.uk/resources/103317","2005-03-10","Prevention of Terrorism Bill","CD:2005-03-10:138"
"http://data.parliament.uk/resources/103318","2005-03-10","Prevention of Terrorism Bill","CD:2005-03-10:139"
"http://data.parliament.uk/resources/103319","2005-03-10","Prevention of Terrorism Bill","CD:2005-03-10:140"
"http://data.parliament.uk/resources/103320","2005-03-10","Prevention of Terrorism Bill","CD:2005-03-10:141"
"http://data.parliament.uk/resources/103321","2005-03-10","Prevention of Terrorism Bill","CD:2005-03-10:142"
"http://data.parliament.uk/resources/103300","2005-03-09","Future of the BBC","CD:2005-03-09:121"
"http://data.parliament.uk/resources/103301","2005-03-09","Prevention of Terrorism Bill","CD:2005-03-09:122"
"http://data.parliament.uk/resources/103302","2005-03-09","Prevention of Terrorism Bill","CD:2005-03-09:123"
"http://data.parliament.uk/resources/103303","2005-03-09","Prevention of Terrorism Bill","CD:2005-03-09:124"
"http://data.parliament.uk/resources/103304","2005-03-09","Prevention of Terrorism Bill","CD:2005-03-09:125"
"http://data.parliament.uk/resources/103305","2005-03-09","Prevention of Terrorism Bill","CD:2005-03-09:126"
"http://data.parliament.uk/resources/103306","2005-03-09","Prevention of Terrorism Bill","CD:2005-03-09:127"
"http://data.parliament.uk/resources/103307","2005-03-09","Prevention of Terrorism Bill","CD:2005-03-09:128"
"http://data.parliament.uk/resources/103294","2005-03-08","Road Safety Bill","CD:2005-03-08:115"
"http://data.parliament.uk/resources/103295","2005-03-08","Road Safety Bill","CD:2005-03-08:116"
"http://data.parliament.uk/resources/103296","2005-03-08","Road Safety Bill","CD:2005-03-08:117"
"http://data.parliament.uk/resources/103297","2005-03-08","Road Safety Bill","CD:2005-03-08:118"
"http://data.parliament.uk/resources/103298","2005-03-08","Road Safety Bill","CD:2005-03-08:119"
"http://data.parliament.uk/resources/103299","2005-03-08","Road Safety Bill","CD:2005-03-08:120"
"http://data.parliament.uk/resources/103293","2005-03-07","Future European Union Finances","CD:2005-03-07:114"
"http://data.parliament.uk/resources/103292","2005-03-04","Health and Safety (Directors Duties) Bill","CD:2005-03-04:113"
"http://data.parliament.uk/resources/103289","2005-03-02","Council Tax","CD:2005-03-02:110"
"http://data.parliament.uk/resources/103290","2005-03-02","Hospital-acquired Infections","CD:2005-03-02:111"
"http://data.parliament.uk/resources/103291","2005-03-02","Hospital-acquired Infections","CD:2005-03-02:112"
"http://data.parliament.uk/resources/103284","2005-03-01","Constitutional Reform Bill [Lords]","CD:2005-03-01:105"
"http://data.parliament.uk/resources/103285","2005-03-01","Constitutional Reform Bill [Lords]","CD:2005-03-01:106"
"http://data.parliament.uk/resources/103286","2005-03-01","Constitutional Reform Bill [Lords]","CD:2005-03-01:107"
"http://data.parliament.uk/resources/103287","2005-03-01","Constitutional Reform Bill [Lords]","CD:2005-03-01:108"
"http://data.parliament.uk/resources/103288","2005-03-01","Constitutional Reform Bill [Lords]","CD:2005-03-01:109"
"http://data.parliament.uk/resources/103279","2005-02-28","Prevention of Terrorism Bill (Programme) (No. 2)","CD:2005-02-28:100"
"http://data.parliament.uk/resources/103280","2005-02-28","Prevention of Terrorism Bill","CD:2005-02-28:101"
"http://data.parliament.uk/resources/103281","2005-02-28","Prevention of Terrorism Bill","CD:2005-02-28:102"
"http://data.parliament.uk/resources/103282","2005-02-28","Prevention of Terrorism Bill","CD:2005-02-28:103"
"http://data.parliament.uk/resources/103283","2005-02-28","Prevention of Terrorism Bill","CD:2005-02-28:104"
"http://data.parliament.uk/resources/103275","2005-02-25","Point of Order","CD:2005-02-25:96"
"http://data.parliament.uk/resources/103276","2005-02-25","Drugs (Sentencing and Commission ofœœœInquiry) Bill","CD:2005-02-25:97"
"http://data.parliament.uk/resources/103277","2005-02-25","School Meals and Nutrition Bill","CD:2005-02-25:98"
"http://data.parliament.uk/resources/103278","2005-02-25","Right of Reply and Press Standards Bill","CD:2005-02-25:99"
"http://data.parliament.uk/resources/103272","2005-02-23","Prevention of Terrorism Bill","CD:2005-02-23:93"
"http://data.parliament.uk/resources/103273","2005-02-23","Prevention of Terrorism Bill","CD:2005-02-23:94"
"http://data.parliament.uk/resources/103274","2005-02-23","Prevention of Terrorism Bill","CD:2005-02-23:95"
"http://data.parliament.uk/resources/103270","2005-02-22","Drugs Bill (Programme) (No.2)","CD:2005-02-22:91"
"http://data.parliament.uk/resources/103271","2005-02-22","Drugs Bill","CD:2005-02-22:92"
"http://data.parliament.uk/resources/103265","2005-02-21","Clean Neighbourhoods and Environment Bill (Programme) (No. 2)","CD:2005-02-21:86"
"http://data.parliament.uk/resources/103266","2005-02-21","Clean Neighbourhoods and Environment Bill","CD:2005-02-21:87"
"http://data.parliament.uk/resources/103267","2005-02-21","Clean Neighbourhoods and Environment Bill","CD:2005-02-21:88"
"http://data.parliament.uk/resources/103268","2005-02-21","Clean Neighbourhoods and Environment Bill","CD:2005-02-21:89"
"http://data.parliament.uk/resources/103269","2005-02-21","Clean Neighbourhoods and Environment Bill","CD:2005-02-21:90"
"http://data.parliament.uk/resources/103259","2005-02-10","Identity Cards Bill (Programme) (No. 2)","CD:2005-02-10:80"
"http://data.parliament.uk/resources/103260","2005-02-10","Identity Cards Bill","CD:2005-02-10:81"
"http://data.parliament.uk/resources/103261","2005-02-10","Identity Cards Bill","CD:2005-02-10:82"
"http://data.parliament.uk/resources/103262","2005-02-10","Identity Cards Bill","CD:2005-02-10:83"
"http://data.parliament.uk/resources/103263","2005-02-10","Identity Cards Bill","CD:2005-02-10:84"
"http://data.parliament.uk/resources/103264","2005-02-10","Identity Cards Bill","CD:2005-02-10:85"
"http://data.parliament.uk/resources/103256","2005-02-09","European Union Bill","CD:2005-02-09:77"
"http://data.parliament.uk/resources/103257","2005-02-09","European Union Bill","CD:2005-02-09:78"
"http://data.parliament.uk/resources/103258","2005-02-09","European Union Bill","CD:2005-02-09:79"
"http://data.parliament.uk/resources/103255","2005-02-08","Belmarsh Judgment","CD:2005-02-08:76"
"http://data.parliament.uk/resources/103248","2005-02-07","Serious Organised Crime and Police Bill","CD:2005-02-07:69"
"http://data.parliament.uk/resources/103249","2005-02-07","Serious Organised Crime and Police Bill","CD:2005-02-07:70"
"http://data.parliament.uk/resources/103250","2005-02-07","Serious Organised Crime and Police Bill","CD:2005-02-07:71"
"http://data.parliament.uk/resources/103251","2005-02-07","Serious Organised Crime and Police Bill","CD:2005-02-07:72"
"http://data.parliament.uk/resources/103252","2005-02-07","Serious Organised Crime and Police Bill","CD:2005-02-07:73"
"http://data.parliament.uk/resources/103253","2005-02-07","Serious Organised Crime and Police Bill","CD:2005-02-07:74"
"http://data.parliament.uk/resources/103254","2005-02-07","Serious Organised Crime and Police Bill","CD:2005-02-07:75"
"http://data.parliament.uk/resources/103246","2005-02-04","Criminal Law (Amendment) (Householder Protection) Bill","CD:2005-02-04:67"
"http://data.parliament.uk/resources/103247","2005-02-04","Criminal Law (Amendment) (Householder Protection) Bill","CD:2005-02-04:68"
"http://data.parliament.uk/resources/103243","2005-02-03","Serious Organised Crime and Police Bill (Programme) (No. 2)","CD:2005-02-03:64"
"http://data.parliament.uk/resources/103244","2005-02-03","Child Benefit Bill (Programme) (No. 2)","CD:2005-02-03:65"
"http://data.parliament.uk/resources/103245","2005-02-03","Child Benefit Bill","CD:2005-02-03:66"
